Workbook

Sheet Datos
A1: pais | B1: region | C1: anio | D1: zee_km2 | E1: linea_costa_km | F1: produccion_captura_ton | G1: produccion_acuicultura_ton | H1: produccion_total_ton | I1: ratio_produccion_zee_ton_km2 | J1: participacion_mundial_pct | K1: especie_principal | L1: grupo_isscaap | M1: tipo_produccion_predominante | N1: tasa_crecimiento_anual_pct | O1: fuente_dato
A2: Argentina | B2: Sudamérica | C2: 2000 | D2: 1159063 | E2: 4989 | F2: 921800 | G2: 1784 | H2: =F2+G2 -> 923584 | I2: =H2/D2 -> 0.79683676 | J2: =H2/VLOOKUP(C2,Referencia_Mundial!$A:$B,2,FALSE())*100 -> 0.67027385 | K2: Argentine shortfin squid | L2: Squids, cuttlefishes, octopuses | M2: =IF(F2>=G2,"Captura silvestre","Acuicultura") -> Captura silvestre | O2: FAO FishStatJ - Global Production 2025 (dato real, valores oficiales/estimados FAO)
A3: Argentina | B3: Sudamérica | C3: 2001 | D3: 1159063 | E3: 4989 | F3: 931081 | G3: 1340 | H3: =F3+G3 -> 932421 | I3: =H3/D3 -> 0.80446102 | J3: =H3/VLOOKUP(C3,Referencia_Mundial!$A:$B,2,FALSE())*100 -> 0.67789671 | K3: Argentine hake | L3: Cods, hakes, haddocks | M3: =IF(F3>=G3,"Captura silvestre","Acuicultura") -> Captura silvestre | N3: =(H3-H2)/H2*100 -> 0.95681606 | O3: FAO FishStatJ - Global Production 2025 (dato real, valores oficiales/estimados FAO)
A4: Argentina | B4: Sudamérica | C4: 2002 | D4: 1159063 | E4: 4989 | F4: 946185 | G4: 1457 | H4: =F4+G4 -> 947642 | I4: =H4/D4 -> 0.81759318 | J4: =H4/VLOOKUP(C4,Referencia_Mundial!$A:$B,2,FALSE())*100 -> 0.67199795 | K4: Argentine hake | L4: Cods, hakes, haddocks | M4: =IF(F4>=G4,"Captura silvestre","Acuicultura") -> Captura silvestre | N4: =(H4-H3)/H3*100 -> 1.6324171 | O4: FAO FishStatJ - Global Production 2025 (dato real, valores oficiales/estimados FAO)
A5: Argentina | B5: Sudamérica | C5: 2003 | D5: 1159063 | E5: 4989 | F5: 910200 | G5: 1647 | H5: =F5+G5 -> 911847 | I5: =H5/D5 -> 0.78671047 | J5: =H5/VLOOKUP(C5,Referencia_Mundial!$A:$B,2,FALSE())*100 -> 0.6460627 | K5: Argentine hake | L5: Cods, hakes, haddocks | M5: =IF(F5>=G5,"Captura silvestre","Acuicultura") -> Captura silvestre | N5: =(H5-H4)/H4*100 -> -3.7772703 | O5: FAO FishStatJ - Global Production 2025 (dato real, valores oficiales/estimados FAO)
A6: Argentina | B6: Sudamérica | C6: 2004 | D6: 1159063 | E6: 4989 | F6: 944846 | G6: 1848 | H6: =F6+G6 -> 946694 | I6: =H6/D6 -> 0.81677527 | J6: =H6/VLOOKUP(C6,Referencia_Mundial!$A:$B,2,FALSE())*100 -> 0.63095336 | K6: Argentine hake | L6: Cods, hakes, haddocks | M6: =IF(F6>=G6,"Captura silvestre","Acuicultura") -> Captura silvestre | N6: =(H6-H5)/H5*100 -> 3.8215841 | O6: FAO FishStatJ - Global Production 2025 (dato real, valores oficiales/estimados FAO)
A7: Argentina | B7: Sudamérica | C7: 2005 | D7: 1159063 | E7: 4989 | F7: 929937 | G7: 2057 | H7: =F7+G7 -> 931994 | I7: =H7/D7 -> 0.80409262 | J7: =H7/VLOOKUP(C7,Referencia_Mundial!$A:$B,2,FALSE())*100 -> 0.60943051 | K7: Argentine hake | L7: Cods, hakes, haddocks | M7: =IF(F7>=G7,"Captura silvestre","Acuicultura") -> Captura silvestre | N7: =(H7-H6)/H6*100 -> -1.5527721 | O7: FAO FishStatJ - Global Production 2025 (dato real, valores oficiales/estimados FAO)
A8: Argentina | B8: Sudamérica | C8: 2006 | D8: 1159063 | E8: 4989 | F8: 1171980 | G8: 2528 | H8: =F8+G8 -> 1174508 | I8: =H8/D8 -> 1.0133254 | J8: =H8/VLOOKUP(C8,Referencia_Mundial!$A:$B,2,FALSE())*100 -> 0.76133603 | K8: Argentine hake | L8: Cods, hakes, haddocks | M8: =IF(F8>=G8,"Captura silvestre","Acuicultura") -> Captura silvestre | N8: =(H8-H7)/H7*100 -> 26.020983 | O8: FAO FishStatJ - Global Production 2025 (dato real, valores oficiales/estimados FAO)
A9: Argentina | B9: Sudamérica | C9: 2007 | D9: 1159063 | E9: 4989 | F9: 985409 | G9: 2957 | H9: =F9+G9 -> 988366 | I9: =H9/D9 -> 0.85272845 | J9: =H9/VLOOKUP(C9,Referencia_Mundial!$A:$B,2,FALSE())*100 -> 0.62557019 | K9: Argentine hake | L9: Cods, hakes, haddocks | M9: =IF(F9>=G9,"Captura silvestre","Acuicultura") -> Captura silvestre | N9: =(H9-H8)/H8*100 -> -15.848508 | O9: FAO FishStatJ - Global Production 2025 (dato real, valores oficiales/estimados FAO)
A10: Argentina | B10: Sudamérica | C10: 2008 | D10: 1159063 | E10: 4989 | F10: 995083 | G10: 2700 | H10: =F10+G10 -> 997783 | I10: =H10/D10 -> 0.86085312 | J10: =H10/VLOOKUP(C10,Referencia_Mundial!$A:$B,2,FALSE())*100 -> 0.6197309 | K10: Argentine hake | L10: Cods, hakes, haddocks | M10: =IF(F10>=G10,"Captura silvestre","Acuicultura") -> Captura silvestre | N10: =(H10-H9)/H9*100 -> 0.9527847 | O10: FAO FishStatJ - Global Production 2025 (dato real, valores oficiales/estimados FAO)
A11: Argentina | B11: Sudamérica | C11: 2009 | D11: 1159063 | E11: 4989 | F11: 861974 | G11: 2583 | H11: =F11+G11 -> 864557 | I11: =H11/D11 -> 0.74591027 | J11: =H11/VLOOKUP(C11,Referencia_Mundial!$A:$B,2,FALSE())*100 -> 0.52706962 | K11: Argentine hake | L11: Cods, hakes, haddocks | M11: =IF(F11>=G11,"Captura silvestre","Acuicultura") -> Captura silvestre | N11: =(H11-H10)/H10*100 -> -13.352202 | O11: FAO FishStatJ - Global Production 2025 (dato real, valores oficiales/estimados FAO)
A12: Argentina | B12: Sudamérica | C12: 2010 | D12: 1159063 | E12: 4989 | F12: 811749 | G12: 2654.4 | H12: =F12+G12 -> 814403.4 | I12: =H12/D12 -> 0.70263946 | J12: =H12/VLOOKUP(C12,Referencia_Mundial!$A:$B,2,FALSE())*100 -> 0.48970837 | K12: Argentine hake | L12: Cods, hakes, haddocks | M12: =IF(F12>=G12,"Captura silvestre","Acuicultura") -> Captura silvestre | N12: =(H12-H11)/H11*100 -> -5.801075 | O12: FAO FishStatJ - Global Production 2025 (dato real, valores oficiales/estimados FAO)
A13: Argentina | B13: Sudamérica | C13: 2011 | D13: 1159063 | E13: 4989 | F13: 793308 | G13: 3193.2 | H13: =F13+G13 -> 796501.2 | I13: =H13/D13 -> 0.68719405 | J13: =H13/VLOOKUP(C13,Referencia_Mundial!$A:$B,2,FALSE())*100 -> 0.45678193 | K13: Argentine hake | L13: Cods, hakes, haddocks | M13: =IF(F13>=G13,"Captura silvestre","Acuicultura") -> Captura silvestre | N13: =(H13-H12)/H12*100 -> -2.1981981 | O13: FAO FishStatJ - Global Production 2025 (dato real, valores oficiales/estimados FAO)
A14: Argentina | B14: Sudamérica | C14: 2012 | D14: 1159063 | E14: 4989 | F14: 738060 | G14: 2958.4 | H14: =F14+G14 -> 741018.4 | I14: =H14/D14 -> 0.63932539 | J14: =H14/VLOOKUP(C14,Referencia_Mundial!$A:$B,2,FALSE())*100 -> 0.41613615 | K14: Argentine hake | L14: Cods, hakes, haddocks | M14: =IF(F14>=G14,"Captura silvestre","Acuicultura") -> Captura silvestre | N14: =(H14-H13)/H13*100 -> -6.965815 | O14: FAO FishStatJ - Global Production 2025 (dato real, valores oficiales/estimados FAO)
... A25: Argentina | B25: Sudamérica | C25: 2023 | D25: 1159063 | E25: 4989 | F25: 827233 | G25: 5516 | H25: =F25+G25 -> 832749 | I25: =H25/D25 -> 0.71846742 | J25: =H25/VLOOKUP(C25,Referencia_Mundial!$A:$B,2,FALSE())*100 -> 0.36539559 | K25: Argentine hake | L25: Cods, hakes, haddocks | M25: =IF(F25>=G25,"Captura silvestre","Acuicultura") -> Captura silvestre | N25: =(H25-H24)/H24*100 -> -2.4626755 | O25: FAO FishStatJ - Global Production 2025 (dato real, valores oficiales/estimados FAO)
A26: Chile | B26: Sudamérica | C26: 2000 | D26: 3648532 | E26: 6435 | F26: 4547594 | G26: 425058 | H26: =F26+G26 -> 4972652 | I26: =H26/D26 -> 1.3629186 | J26: =H26/VLOOKUP(C26,Referencia_Mundial!$A:$B,2,FALSE())*100 -> 3.6088094 | K26: Anchoveta(=Peruvian anchovy) | L26: Herrings, sardines, anchovies | M26: =IF(F26>=G26,"Captura silvestre","Acuicultura") -> Captura silvestre | O26: FAO FishStatJ - Global Production 2025 (dato real, valores oficiales/estimados FAO)
A27: Chile | B27: Sudamérica | C27: 2001 | D27: 3648532 | E27: 6435 | F27: 4031799 | G27: 631634 | H27: =F27+G27 -> 4663433 | I27: =H27/D27 -> 1.2781669 | J27: =H27/VLOOKUP(C27,Referencia_Mundial!$A:$B,2,FALSE())*100 -> 3.390449 | K27: Chilean jack mackerel | L27: Miscellaneous pelagic fishes | M27: =IF(F27>=G27,"Captura silvestre","Acuicultura") -> Captura silvestre | N27: =(H27-H26)/H26*100 -> -6.2183921 | O27: FAO FishStatJ - Global Production 2025 (dato real, valores oficiales/estimados FAO)
A28: Chile | B28: Sudamérica | C28: 2002 | D28: 3648532 | E28: 6435 | F28: 4515437 | G28: 617303 | H28: =F28+G28 -> 5132740 | I28: =H28/D28 -> 1.4067959 | J28: =H28/VLOOKUP(C28,Referencia_Mundial!$A:$B,2,FALSE())*100 -> 3.6397614 | K28: Anchoveta(=Peruvian anchovy) | L28: Herrings, sardines, anchovies | M28: =IF(F28>=G28,"Captura silvestre","Acuicultura") -> Captura silvestre | N28: =(H28-H27)/H27*100 -> 10.063552 | O28: FAO FishStatJ - Global Production 2025 (dato real, valores oficiales/estimados FAO)
A29: Chile | B29: Sudamérica | C29: 2003 | D29: 3648532 | E29: 6435 | F29: 3921103 | G29: 607338 | H29: =F29+G29 -> 4528441 | I29: =H29/D29 -> 1.241168 | J29: =H29/VLOOKUP(C29,Referencia_Mundial!$A:$B,2,FALSE())*100 -> 3.2084953 | K29: Chilean jack mackerel | L29: Miscellaneous pelagic fishes | M29: =IF(F29>=G29,"Captura silvestre","Acuicultura") -> Captura silvestre | N29: =(H29-H28)/H28*100 -> -11.773419 | O29: FAO FishStatJ - Global Production 2025 (dato real, valores oficiales/estimados FAO)
A30: Chile | B30: Sudamérica | C30: 2004 | D30: 3648532 | E30: 6435 | F30: 5317385 | G30: 696157 | H30: =F30+G30 -> 6013542 | I30: =H30/D30 -> 1.6482086 | J30: =H30/VLOOKUP(C30,Referencia_Mundial!$A:$B,2,FALSE())*100 -> 4.0079102 | K30: Anchoveta(=Peruvian anchovy) | L30: Herrings, sardines, anchovies | M30: =IF(F30>=G30,"Captura silvestre","Acuicultura") -> Captura silvestre | N30: =(H30-H29)/H29*100 -> 32.794973 | O30: FAO FishStatJ - Global Production 2025 (dato real, valores oficiales/estimados FAO)
A31: Chile | B31: Sudamérica | C31: 2005 | D31: 3648532 | E31: 6435 | F31: 4738165 | G31: 739368 | H31: =F31+G31 -> 5477533 | I31: =H31/D31 -> 1.5012978 | J31: =H31/VLOOKUP(C31,Referencia_Mundial!$A:$B,2,FALSE())*100 -> 3.5817567 | K31: Anchoveta(=Peruvian anchovy) | L31: Herrings, sardines, anchovies | M31: =IF(F31>=G31,"Captura silvestre","Acuicultura") -> Captura silvestre | N31: =(H31-H30)/H30*100 -> -8.9133659 | O31: FAO FishStatJ - Global Production 2025 (dato real, valores oficiales/estimados FAO)
A32: Chile | B32: Sudamérica | C32: 2006 | D32: 3648532 | E32: 6435 | F32: 4461856 | G32: 832329 | H32: =F32+G32 -> 5294185 | I32: =H32/D32 -> 1.4510452 | J32: =H32/VLOOKUP(C32,Referencia_Mundial!$A:$B,2,FALSE())*100 -> 3.4317806 | K32: Chilean jack mackerel | L32: Miscellaneous pelagic fishes | M32: =IF(F32>=G32,"Captura silvestre","Acuicultura") -> Captura silvestre | N32: =(H32-H31)/H31*100 -> -3.3472733 | O32: FAO FishStatJ - Global Production 2025 (dato real, valores oficiales/estimados FAO)
A33: Chile | B33: Sudamérica | C33: 2007 | D33: 3648532 | E33: 6435 | F33: 4132854 | G33: 806166 | H33: =F33+G33 -> 4939020 | I33: =H33/D33 -> 1.3537006 | J33: =H33/VLOOKUP(C33,Referencia_Mundial!$A:$B,2,FALSE())*100 -> 3.1260724 | K33: Anchoveta(=Peruvian anchovy) | L33: Herrings, sardines, anchovies | M33: =IF(F33>=G33,"Captura silvestre","Acuicultura") -> Captura silvestre | N33: =(H33-H32)/H32*100 -> -6.7085869 | O33: FAO FishStatJ - Global Production 2025 (dato real, valores oficiales/estimados FAO)
A34: Chile | B34: Sudamérica | C34: 2008 | D34: 3648532 | E34: 6435 | F34: 3939379 | G34: 870845 | H34: =F34+G34 -> 4810224 | I34: =H34/D34 -> 1.3183998 | J34: =H34/VLOOKUP(C34,Referencia_Mundial!$A:$B,2,FALSE())*100 -> 2.9876681 | K34: Anchoveta(=Peruvian anchovy) | L34: Herrings, sardines, anchovies | M34: =IF(F34>=G34,"Captura silvestre","Acuicultura") -> Captura silvestre | N34: =(H34-H33)/H33*100 -> -2.6077238 | O34: FAO FishStatJ - Global Production 2025 (dato real, valores oficiales/estimados FAO)
A35: Chile | B35: Sudamérica | C35: 2009 | D35: 3648532 | E35: 6435 | F35: 3821818 | G35: 881084 | H35: =F35+G35 -> 4702902 | I35: =H35/D35 -> 1.2889847 | J35: =H35/VLOOKUP(C35,Referencia_Mundial!$A:$B,2,FALSE())*100 -> 2.8670831 | K35: Anchoveta(=Peruvian anchovy) | L35: Herrings, sardines, anchovies | M35: =IF(F35>=G35,"Captura silvestre","Acuicultura") -> Captura silvestre | N35: =(H35-H34)/H34*100 -> -2.2311227 | O35: FAO FishStatJ - Global Production 2025 (dato real, valores oficiales/estimados FAO)
A36: Chile | B36: Sudamérica | C36: 2010 | D36: 3648532 | E36: 6435 | F36: 3048316 | G36: 713241 | H36: =F36+G36 -> 3761557 | I36: =H36/D36 -> 1.0309782 | J36: =H36/VLOOKUP(C36,Referencia_Mundial!$A:$B,2,FALSE())*100 -> 2.2618593 | K36: Anchoveta(=Peruvian anchovy) | L36: Herrings, sardines, anchovies | M36: =IF(F36>=G36,"Captura silvestre","Acuicultura") -> Captura silvestre | N36: =(H36-H35)/H35*100 -> -20.016258 | O36: FAO FishStatJ - Global Production 2025 (dato real, valores oficiales/estimados FAO)
A37: Chile | B37: Sudamérica | C37: 2011 | D37: 3648532 | E37: 6435 | F37: 3466956 | G37: 969539 | H37: =F37+G37 -> 4436495 | I37: =H37/D37 -> 1.2159671 | J37: =H37/VLOOKUP(C37,Referencia_Mundial!$A:$B,2,FALSE())*100 -> 2.5442658 | K37: Anchoveta(=Peruvian anchovy) | L37: Herrings, sardines, anchovies | M37: =IF(F37>=G37,"Captura silvestre","Acuicultura") -> Captura silvestre | N37: =(H37-H36)/H36*100 -> 17.943049 | O37: FAO FishStatJ - Global Production 2025 (dato real, valores oficiales/estimados FAO)
A38: Chile | B38: Sudamérica | C38: 2012 | D38: 3648532 | E38: 6435 | F38: 3007536.3 | G38: 1075547 | H38: =F38+G38 -> 4083083.3 | I38: =H38/D38 -> 1.1191031 | J38: =H38/VLOOKUP(C38,Referencia_Mundial!$A:$B,2,FALSE())*100 -> 2.2929506 | K38: Anchoveta(=Peruvian anchovy) | L38: Herrings, sardines, anchovies | M38: =IF(F38>=G38,"Captura silvestre","Acuicultura") -> Captura silvestre | N38: =(H38-H37)/H37*100 -> -7.9660115 | O38: FAO FishStatJ - Global Production 2025 (dato real, valores oficiales/estimados FAO)
... A49: Chile | B49: Sudamérica | C49: 2023 | D49: 3648532 | E49: 6435 | F49: 2596488.4 | G49: 1502919 | H49: =F49+G49 -> 4099407.4 | I49: =H49/D49 -> 1.1235772 | J49: =H49/VLOOKUP(C49,Referencia_Mundial!$A:$B,2,FALSE())*100 -> 1.7987478 | K49: Chilean jack mackerel | L49: Miscellaneous pelagic fishes | M49: =IF(F49>=G49,"Captura silvestre","Acuicultura") -> Captura silvestre | N49: =(H49-H48)/H48*100 -> -2.7473296 | O49: FAO FishStatJ - Global Production 2025 (dato real, valores oficiales/estimados FAO)
A50: China | B50: Asia | C50: 2000 | D50: 877019 | E50: 14500 | F50: 14823866 | G50: 29749708 | H50: =F50+G50 -> 44573574 | I50: =H50/D50 -> 50.823955 | J50: =H50/VLOOKUP(C50,Referencia_Mundial!$A:$B,2,FALSE())*100 -> 32.348439 | K50: Japanese kelp | L50: Brown seaweeds | M50: =IF(F50>=G50,"Captura silvestre","Acuicultura") -> Acuicultura | O50: FAO FishStatJ - Global Production 2025 (dato real, valores oficiales/estimados FAO)
A51: China | B51: Asia | C51: 2001 | D51: 877019 | E51: 14500 | F51: 14403875 | G51: 31102502 | H51: =F51+G51 -> 45506377 | I51: =H51/D51 -> 51.887561 | J51: =H51/VLOOKUP(C51,Referencia_Mundial!$A:$B,2,FALSE())*100 -> 33.084436 | K51: Japanese kelp | L51: Brown seaweeds | M51: =IF(F51>=G51,"Captura silvestre","Acuicultura") -> Acuicultura | N51: =(H51-H50)/H50*100 -> 2.0927265 | O51: FAO FishStatJ - Global Production 2025 (dato real, valores oficiales/estimados FAO)
A52: China | B52: Asia | C52: 2002 | D52: 877019 | E52: 14500 | F52: 14426596 | G52: 33160273 | H52: =F52+G52 -> 47586869 | I52: =H52/D52 -> 54.259793 | J52: =H52/VLOOKUP(C52,Referencia_Mundial!$A:$B,2,FALSE())*100 -> 33.745105 | K52: Japanese kelp | L52: Brown seaweeds | M52: =IF(F52>=G52,"Captura silvestre","Acuicultura") -> Acuicultura | N52: =(H52-H51)/H51*100 -> 4.5718691 | O52: FAO FishStatJ - Global Production 2025 (dato real, valores oficiales/estimados FAO)
A53: China | B53: Asia | C53: 2003 | D53: 877019 | E53: 14500 | F53: 14598934 | G53: 34891716 | H53: =F53+G53 -> 49490650 | I53: =H53/D53 -> 56.430533 | J53: =H53/VLOOKUP(C53,Referencia_Mundial!$A:$B,2,FALSE())*100 -> 35.065162 | K53: Japanese kelp | L53: Brown seaweeds | M53: =IF(F53>=G53,"Captura silvestre","Acuicultura") -> Acuicultura | N53: =(H53-H52)/H52*100 -> 4.0006435 | O53: FAO FishStatJ - Global Production 2025 (dato real, valores oficiales/estimados FAO)
A54: China | B54: Asia | C54: 2004 | D54: 877019 | E54: 14500 | F54: 14786243 | G54: 37172411 | H54: =F54+G54 -> 51958654 | I54: =H54/D54 -> 59.244616 | J54: =H54/VLOOKUP(C54,Referencia_Mundial!$A:$B,2,FALSE())*100 -> 34.629444 | K54: Japanese kelp | L54: Brown seaweeds | M54: =IF(F54>=G54,"Captura silvestre","Acuicultura") -> Acuicultura | N54: =(H54-H53)/H53*100 -> 4.9868086 | O54: FAO FishStatJ - Global Production 2025 (dato real, valores oficiales/estimados FAO)
A55: China | B55: Asia | C55: 2005 | D55: 877019 | E55: 14500 | F55: 14850730 | G55: 38943267 | H55: =F55+G55 -> 53793997 | I55: =H55/D55 -> 61.337322 | J55: =H55/VLOOKUP(C55,Referencia_Mundial!$A:$B,2,FALSE())*100 -> 35.175874 | K55: Japanese kelp | L55: Brown seaweeds | M55: =IF(F55>=G55,"Captura silvestre","Acuicultura") -> Acuicultura | N55: =(H55-H54)/H54*100 -> 3.5323144 | O55: FAO FishStatJ - Global Production 2025 (dato real, valores oficiales/estimados FAO)
A56: China | B56: Asia | C56: 2006 | D56: 877019 | E56: 14500 | F56: 14995706 | G56: 40911092 | H56: =F56+G56 -> 55906798 | I56: =H56/D56 -> 63.746393 | J56: =H56/VLOOKUP(C56,Referencia_Mundial!$A:$B,2,FALSE())*100 -> 36.239735 | K56: Japanese kelp | L56: Brown seaweeds | M56: =IF(F56>=G56,"Captura silvestre","Acuicultura") -> Acuicultura | N56: =(H56-H55)/H55*100 -> 3.9275767 | O56: FAO FishStatJ - Global Production 2025 (dato real, valores oficiales/estimados FAO)
A57: China | B57: Asia | C57: 2007 | D57: 877019 | E57: 14500 | F57: 14987636 | G57: 42530160 | H57: =F57+G57 -> 57517796 | I57: =H57/D57 -> 65.583296 | J57: =H57/VLOOKUP(C57,Referencia_Mundial!$A:$B,2,FALSE())*100 -> 36.404954 | K57: Japanese kelp | L57: Brown seaweeds | M57: =IF(F57>=G57,"Captura silvestre","Acuicultura") -> Acuicultura | N57: =(H57-H56)/H56*100 -> 2.8815795 | O57: FAO FishStatJ - Global Production 2025 (dato real, valores oficiales/estimados FAO)
A58: China | B58: Asia | C58: 2008 | D58: 877019 | E58: 14500 | F58: 15157263 | G58: 44072887 | H58: =F58+G58 -> 59230150 | I58: =H58/D58 -> 67.535766 | J58: =H58/VLOOKUP(C58,Referencia_Mundial!$A:$B,2,FALSE())*100 -> 36.788314 | K58: Japanese kelp | L58: Brown seaweeds | M58: =IF(F58>=G58,"Captura silvestre","Acuicultura") -> Acuicultura | N58: =(H58-H57)/H57*100 -> 2.9770845 | O58: FAO FishStatJ - Global Production 2025 (dato real, valores oficiales/estimados FAO)
A59: China | B59: Asia | C59: 2009 | D59: 877019 | E59: 14500 | F59: 15062980 | G59: 46062876 | H59: =F59+G59 -> 61125856 | I59: =H59/D59 -> 69.697299 | J59: =H59/VLOOKUP(C59,Referencia_Mundial!$A:$B,2,FALSE())*100 -> 37.264844 | K59: Japanese kelp | L59: Brown seaweeds | M59: =IF(F59>=G59,"Captura silvestre","Acuicultura") -> Acuicultura | N59: =(H59-H58)/H58*100 -> 3.2005761 | O59: FAO FishStatJ - Global Production 2025 (dato real, valores oficiales/estimados FAO)
A60: China | B60: Asia | C60: 2010 | D60: 877019 | E60: 14500 | F60: 15054057 | G60: 47789757 | H60: =F60+G60 -> 62843814 | I60: =H60/D60 -> 71.65616 | J60: =H60/VLOOKUP(C60,Referencia_Mundial!$A:$B,2,FALSE())*100 -> 37.788572 | K60: Japanese kelp | L60: Brown seaweeds | M60: =IF(F60>=G60,"Captura silvestre","Acuicultura") -> Acuicultura | N60: =(H60-H59)/H59*100 -> 2.8105261 | O60: FAO FishStatJ - Global Production 2025 (dato real, valores oficiales/estimados FAO)
A61: China | B61: Asia | C61: 2011 | D61: 877019 | E61: 14500 | F61: 15263615 | G61: 49147606 | H61: =F61+G61 -> 64411221 | I61: =H61/D61 -> 73.443359 | J61: =H61/VLOOKUP(C61,Referencia_Mundial!$A:$B,2,FALSE())*100 -> 36.938905 | K61: Japanese kelp | L61: Brown seaweeds | M61: =IF(F61>=G61,"Captura silvestre","Acuicultura") -> Acuicultura | N61: =(H61-H60)/H60*100 -> 2.4941317 | O61: FAO FishStatJ - Global Production 2025 (dato real, valores oficiales/estimados FAO)
A62: China | B62: Asia | C62: 2012 | D62: 877019 | E62: 14500 | F62: 15446318 | G62: 52082586 | H62: =F62+G62 -> 67528904 | I62: =H62/D62 -> 76.998222 | J62: =H62/VLOOKUP(C62,Referencia_Mundial!$A:$B,2,FALSE())*100 -> 37.92243 | K62: Japanese kelp | L62: Brown seaweeds | M62: =IF(F62>=G62,"Captura silvestre","Acuicultura") -> Acuicultura | N62: =(H62-H61)/H61*100 -> 4.8402787 | O62: FAO FishStatJ - Global Production 2025 (dato real, valores oficiales/estimados FAO)
... A73: China | B73: Asia | C73: 2023 | D73: 877019 | E73: 14500 | F73: 13424705 | G73: 78276941 | H73: =F73+G73 -> 91701646 | I73: =H73/D73 -> 104.56061 | J73: =H73/VLOOKUP(C73,Referencia_Mundial!$A:$B,2,FALSE())*100 -> 40.237067 | K73: Japanese kelp | L73: Brown seaweeds | M73: =IF(F73>=G73,"Captura silvestre","Acuicultura") -> Acuicultura | N73: =(H73-H72)/H72*100 -> 3.4801009 | O73: FAO FishStatJ - Global Production 2025 (dato real, valores oficiales/estimados FAO)
A74: Islandia | B74: Europa | C74: 2000 | D74: 758000 | E74: 4970 | F74: 2000046 | G74: 3623 | H74: =F74+G74 -> 2003669 | I74: =H74/D74 -> 2.6433628 | J74: =H74/VLOOKUP(C74,Referencia_Mundial!$A:$B,2,FALSE())*100 -> 1.4541254 | K74: Capelin | L74: Miscellaneous pelagic fishes | M74: =IF(F74>=G74,"Captura silvestre","Acuicultura") -> Captura silvestre | O74: FAO FishStatJ - Global Production 2025 (dato real, valores oficiales/estimados FAO)
A75: Islandia | B75: Europa | C75: 2001 | D75: 758000 | E75: 4970 | F75: 2003941 | G75: 4371 | H75: =F75+G75 -> 2008312 | I75: =H75/D75 -> 2.6494881 | J75: =H75/VLOOKUP(C75,Referencia_Mundial!$A:$B,2,FALSE())*100 -> 1.4601002 | K75: Capelin | L75: Miscellaneous pelagic fishes | M75: =IF(F75>=G75,"Captura silvestre","Acuicultura") -> Captura silvestre | N75: =(H75-H74)/H74*100 -> 0.2317249 | O75: FAO FishStatJ - Global Production 2025 (dato real, valores oficiales/estimados FAO)
A76: Islandia | B76: Europa | C76: 2002 | D76: 758000 | E76: 4970 | F76: 2149508 | G76: 3585 | H76: =F76+G76 -> 2153093 | I76: =H76/D76 -> 2.8404921 | J76: =H76/VLOOKUP(C76,Referencia_Mundial!$A:$B,2,FALSE())*100 -> 1.5268151 | K76: Capelin | L76: Miscellaneous pelagic fishes | M76: =IF(F76>=G76,"Captura silvestre","Acuicultura") -> Captura silvestre | N76: =(H76-H75)/H75*100 -> 7.209089 | O76: FAO FishStatJ - Global Production 2025 (dato real, valores oficiales/estimados FAO)
A77: Islandia | B77: Europa | C77: 2003 | D77: 758000 | E77: 4970 | F77: 2008658 | G77: 6214 | H77: =F77+G77 -> 2014872 | I77: =H77/D77 -> 2.6581425 | J77: =H77/VLOOKUP(C77,Referencia_Mundial!$A:$B,2,FALSE())*100 -> 1.427579 | K77: Capelin | L77: Miscellaneous pelagic fishes | M77: =IF(F77>=G77,"Captura silvestre","Acuicultura") -> Captura silvestre | N77: =(H77-H76)/H76*100 -> -6.4196484 | O77: FAO FishStatJ - Global Production 2025 (dato real, valores oficiales/estimados FAO)
A78: Islandia | B78: Europa | C78: 2004 | D78: 758000 | E78: 4970 | F78: 1755172 | G78: 8868 | H78: =F78+G78 -> 1764040 | I78: =H78/D78 -> 2.3272296 | J78: =H78/VLOOKUP(C78,Referencia_Mundial!$A:$B,2,FALSE())*100 -> 1.1756988 | K78: Capelin | L78: Miscellaneous pelagic fishes | M78: =IF(F78>=G78,"Captura silvestre","Acuicultura") -> Captura silvestre | N78: =(H78-H77)/H77*100 -> -12.449029 | O78: FAO FishStatJ - Global Production 2025 (dato real, valores oficiales/estimados FAO)
A79: Islandia | B79: Europa | C79: 2005 | D79: 758000 | E79: 4970 | F79: 1685753 | G79: 8256 | H79: =F79+G79 -> 1694009 | I79: =H79/D79 -> 2.2348404 | J79: =H79/VLOOKUP(C79,Referencia_Mundial!$A:$B,2,FALSE())*100 -> 1.1077118 | K79: Capelin | L79: Miscellaneous pelagic fishes | M79: =IF(F79>=G79,"Captura silvestre","Acuicultura") -> Captura silvestre | N79: =(H79-H78)/H78*100 -> -3.9699213 | O79: FAO FishStatJ - Global Production 2025 (dato real, valores oficiales/estimados FAO)
A80: Islandia | B80: Europa | C80: 2006 | D80: 758000 | E80: 4970 | F80: 1348043 | G80: 8241 | H80: =F80+G80 -> 1356284 | I80: =H80/D80 -> 1.7892929 | J80: =H80/VLOOKUP(C80,Referencia_Mundial!$A:$B,2,FALSE())*100 -> 0.87916631 | K80: Blue whiting(=Poutassou) | L80: Cods, hakes, haddocks | M80: =IF(F80>=G80,"Captura silvestre","Acuicultura") -> Captura silvestre | N80: =(H80-H79)/H79*100 -> -19.936435 | O80: FAO FishStatJ - Global Production 2025 (dato real, valores oficiales/estimados FAO)
A81: Islandia | B81: Europa | C81: 2007 | D81: 758000 | E81: 4970 | F81: 1421057 | G81: 4823 | H81: =F81+G81 -> 1425880 | I81: =H81/D81 -> 1.8811082 | J81: =H81/VLOOKUP(C81,Referencia_Mundial!$A:$B,2,FALSE())*100 -> 0.90248756 | K81: Atlantic herring | L81: Herrings, sardines, anchovies | M81: =IF(F81>=G81,"Captura silvestre","Acuicultura") -> Captura silvestre | N81: =(H81-H80)/H80*100 -> 5.1313737 | O81: FAO FishStatJ - Global Production 2025 (dato real, valores oficiales/estimados FAO)
A82: Islandia | B82: Europa | C82: 2008 | D82: 758000 | E82: 4970 | F82: 1306593 | G82: 5098 | H82: =F82+G82 -> 1311691 | I82: =H82/D82 -> 1.7304631 | J82: =H82/VLOOKUP(C82,Referencia_Mundial!$A:$B,2,FALSE())*100 -> 0.81470164 | K82: Atlantic herring | L82: Herrings, sardines, anchovies | M82: =IF(F82>=G82,"Captura silvestre","Acuicultura") -> Captura silvestre | N82: =(H82-H81)/H81*100 -> -8.0083177 | O82: FAO FishStatJ - Global Production 2025 (dato real, valores oficiales/estimados FAO)
A83: Islandia | B83: Europa | C83: 2009 | D83: 758000 | E83: 4970 | F83: 1164432 | G83: 5165 | H83: =F83+G83 -> 1169597 | I83: =H83/D83 -> 1.543004 | J83: =H83/VLOOKUP(C83,Referencia_Mundial!$A:$B,2,FALSE())*100 -> 0.71303459 | K83: Atlantic herring | L83: Herrings, sardines, anchovies | M83: =IF(F83>=G83,"Captura silvestre","Acuicultura") -> Captura silvestre | N83: =(H83-H82)/H82*100 -> -10.832887 | O83: FAO FishStatJ - Global Production 2025 (dato real, valores oficiales/estimados FAO)
A84: Islandia | B84: Europa | C84: 2010 | D84: 758000 | E84: 4970 | F84: 1081655 | G84: 5050 | H84: =F84+G84 -> 1086705 | I84: =H84/D84 -> 1.4336478 | J84: =H84/VLOOKUP(C84,Referencia_Mundial!$A:$B,2,FALSE())*100 -> 0.65344586 | K84: Atlantic herring | L84: Herrings, sardines, anchovies | M84: =IF(F84>=G84,"Captura silvestre","Acuicultura") -> Captura silvestre | N84: =(H84-H83)/H83*100 -> -7.0872275 | O84: FAO FishStatJ - Global Production 2025 (dato real, valores oficiales/estimados FAO)
A85: Islandia | B85: Europa | C85: 2011 | D85: 758000 | E85: 4970 | F85: 1164914 | G85: 5308.5 | H85: =F85+G85 -> 1170222.5 | I85: =H85/D85 -> 1.5438292 | J85: =H85/VLOOKUP(C85,Referencia_Mundial!$A:$B,2,FALSE())*100 -> 0.6711057 | K85: Capelin | L85: Miscellaneous pelagic fishes | M85: =IF(F85>=G85,"Captura silvestre","Acuicultura") -> Captura silvestre | N85: =(H85-H84)/H84*100 -> 7.6853884 | O85: FAO FishStatJ - Global Production 2025 (dato real, valores oficiales/estimados FAO)
A86: Islandia | B86: Europa | C86: 2012 | D86: 758000 | E86: 4970 | F86: 1466751 | G86: 7431.3 | H86: =F86+G86 -> 1474182.3 | I86: =H86/D86 -> 1.9448315 | J86: =H86/VLOOKUP(C86,Referencia_Mundial!$A:$B,2,FALSE())*100 -> 0.82786143 | K86: Capelin | L86: Miscellaneous pelagic fishes | M86: =IF(F86>=G86,"Captura silvestre","Acuicultura") -> Captura silvestre | N86: =(H86-H85)/H85*100 -> 25.97453 | O86: FAO FishStatJ - Global Production 2025 (dato real, valores oficiales/estimados FAO)
... A97: Islandia | B97: Europa | C97: 2023 | D97: 758000 | E97: 4970 | F97: 1371097.6 | G97: 49602 | H97: =F97+G97 -> 1420699.6 | I97: =H97/D97 -> 1.8742739 | J97: =H97/VLOOKUP(C97,Referencia_Mundial!$A:$B,2,FALSE())*100 -> 0.62337796 | K97: Capelin | L97: Miscellaneous pelagic fishes | M97: =IF(F97>=G97,"Captura silvestre","Acuicultura") -> Captura silvestre | N97: =(H97-H96)/H96*100 -> -17.123574 | O97: FAO FishStatJ - Global Production 2025 (dato real, valores oficiales/estimados FAO)
A98: Noruega | B98: Europa | C98: 2000 | D98: 2385178 | E98: 28953 | F98: 2891791 | G98: 491329 | H98: =F98+G98 -> 3383120 | I98: =H98/D98 -> 1.4183931 | J98: =H98/VLOOKUP(C98,Referencia_Mundial!$A:$B,2,FALSE())*100 -> 2.4552362 | K98: Atlantic herring | L98: Herrings, sardines, anchovies | M98: =IF(F98>=G98,"Captura silvestre","Acuicultura") -> Captura silvestre | O98: FAO FishStatJ - Global Production 2025 (dato real, valores oficiales/estimados FAO)
A99: Noruega | B99: Europa | C99: 2001 | D99: 2385178 | E99: 28953 | F99: 2862152 | G99: 510748 | H99: =F99+G99 -> 3372900 | I99: =H99/D99 -> 1.4141083 | J99: =H99/VLOOKUP(C99,Referencia_Mundial!$A:$B,2,FALSE())*100 -> 2.4521947 | K99: Atlantic herring | L99: Herrings, sardines, anchovies | M99: =IF(F99>=G99,"Captura silvestre","Acuicultura") -> Captura silvestre | N99: =(H99-H98)/H98*100 -> -0.30208801 | O99: FAO FishStatJ - Global Production 2025 (dato real, valores oficiales/estimados FAO)
A100: Noruega | B100: Europa | C100: 2002 | D100: 2385178 | E100: 28953 | F100: 2923116 | G100: 551300 | H100: =F100+G100 -> 3474416 | I100: =H100/D100 -> 1.4566695 | J100: =H100/VLOOKUP(C100,Referencia_Mundial!$A:$B,2,FALSE())*100 -> 2.4638001 | K100: Atlantic herring | L100: Herrings, sardines, anchovies | M100: =IF(F100>=G100,"Captura silvestre","Acuicultura") -> Captura silvestre | N100: =(H100-H99)/H99*100 -> 3.0097542 | O100: FAO FishStatJ - Global Production 2025 (dato real, valores oficiales/estimados FAO)
A101: Noruega | B101: Europa | C101: 2003 | D101: 2385178 | E101: 28953 | F101: 2702012 | G101: 584422 | H101: =F101+G101 -> 3286434 | I101: =H101/D101 -> 1.3778569 | J101: =H101/VLOOKUP(C101,Referencia_Mundial!$A:$B,2,FALSE())*100 -> 2.3285073 | K101: Blue whiting(=Poutassou) | L101: Cods, hakes, haddocks | M101: =IF(F101>=G101,"Captura silvestre","Acuicultura") -> Captura silvestre | N101: =(H101-H100)/H100*100 -> -5.4104632 | O101: FAO FishStatJ - Global Production 2025 (dato real, valores oficiales/estimados FAO)
A102: Noruega | B102: Europa | C102: 2004 | D102: 2385178 | E102: 28953 | F102: 2672699 | G102: 636802 | H102: =F102+G102 -> 3309501 | I102: =H102/D102 -> 1.3875279 | J102: =H102/VLOOKUP(C102,Referencia_Mundial!$A:$B,2,FALSE())*100 -> 2.2057188 | K102: Blue whiting(=Poutassou) | L102: Cods, hakes, haddocks | M102: =IF(F102>=G102,"Captura silvestre","Acuicultura") -> Captura silvestre | N102: =(H102-H101)/H101*100 -> 0.70188539 | O102: FAO FishStatJ - Global Production 2025 (dato real, valores oficiales/estimados FAO)
A103: Noruega | B103: Europa | C103: 2005 | D103: 2385178 | E103: 28953 | F103: 2546500 | G103: 661877 | H103: =F103+G103 -> 3208377 | I103: =H103/D103 -> 1.3451311 | J103: =H103/VLOOKUP(C103,Referencia_Mundial!$A:$B,2,FALSE())*100 -> 2.0979565 | K103: Atlantic herring | L103: Herrings, sardines, anchovies | M103: =IF(F103>=G103,"Captura silvestre","Acuicultura") -> Captura silvestre | N103: =(H103-H102)/H102*100 -> -3.0555664 | O103: FAO FishStatJ - Global Production 2025 (dato real, valores oficiales/estimados FAO)
A104: Noruega | B104: Europa | C104: 2006 | D104: 2385178 | E104: 28953 | F104: 2401781 | G104: 712373 | H104: =F104+G104 -> 3114154 | I104: =H104/D104 -> 1.3056275 | J104: =H104/VLOOKUP(C104,Referencia_Mundial!$A:$B,2,FALSE())*100 -> 2.0186475 | K104: Atlantic herring | L104: Herrings, sardines, anchovies | M104: =IF(F104>=G104,"Captura silvestre","Acuicultura") -> Captura silvestre | N104: =(H104-H103)/H103*100 -> -2.9367808 | O104: FAO FishStatJ - Global Production 2025 (dato real, valores oficiales/estimados FAO)
A105: Noruega | B105: Europa | C105: 2007 | D105: 2385178 | E105: 28953 | F105: 2514659 | G105: 841560 | H105: =F105+G105 -> 3356219 | I105: =H105/D105 -> 1.4071147 | J105: =H105/VLOOKUP(C105,Referencia_Mundial!$A:$B,2,FALSE())*100 -> 2.1242642 | K105: Atlantic herring | L105: Herrings, sardines, anchovies | M105: =IF(F105>=G105,"Captura silvestre","Acuicultura") -> Captura silvestre | N105: =(H105-H104)/H104*100 -> 7.7730581 | O105: FAO FishStatJ - Global Production 2025 (dato real, valores oficiales/estimados FAO)
A106: Noruega | B106: Europa | C106: 2008 | D106: 2385178 | E106: 28953 | F106: 2583895.3 | G106: 848359 | H106: =F106+G106 -> 3432254.3 | I106: =H106/D106 -> 1.4389929 | J106: =H106/VLOOKUP(C106,Referencia_Mundial!$A:$B,2,FALSE())*100 -> 2.1318002 | K106: Atlantic herring | L106: Herrings, sardines, anchovies | M106: =IF(F106>=G106,"Captura silvestre","Acuicultura") -> Captura silvestre | N106: =(H106-H105)/H105*100 -> 2.2655047 | O106: FAO FishStatJ - Global Production 2025 (dato real, valores oficiales/estimados FAO)
A107: Noruega | B107: Europa | C107: 2009 | D107: 2385178 | E107: 28953 | F107: 2693500.4 | G107: 961839.8 | H107: =F107+G107 -> 3655340.2 | I107: =H107/D107 -> 1.532523 | J107: =H107/VLOOKUP(C107,Referencia_Mundial!$A:$B,2,FALSE())*100 -> 2.2284462 | K107: Atlantic herring | L107: Herrings, sardines, anchovies | M107: =IF(F107>=G107,"Captura silvestre","Acuicultura") -> Captura silvestre | N107: =(H107-H106)/H106*100 -> 6.4996903 | O107: FAO FishStatJ - Global Production 2025 (dato real, valores oficiales/estimados FAO)
A108: Noruega | B108: Europa | C108: 2010 | D108: 2385178 | E108: 28953 | F108: 2838470 | G108: 1019801.9 | H108: =F108+G108 -> 3858271.9 | I108: =H108/D108 -> 1.6176033 | J108: =H108/VLOOKUP(C108,Referencia_Mundial!$A:$B,2,FALSE())*100 -> 2.3200149 | K108: Atlantic salmon | L108: Salmons, trouts, smelts | M108: =IF(F108>=G108,"Captura silvestre","Acuicultura") -> Captura silvestre | N108: =(H108-H107)/H107*100 -> 5.5516502 | O108: FAO FishStatJ - Global Production 2025 (dato real, valores oficiales/estimados FAO)
A109: Noruega | B109: Europa | C109: 2011 | D109: 2385178 | E109: 28953 | F109: 2442576.5 | G109: 1143893.3 | H109: =F109+G109 -> 3586469.8 | I109: =H109/D109 -> 1.5036487 | J109: =H109/VLOOKUP(C109,Referencia_Mundial!$A:$B,2,FALSE())*100 -> 2.0567886 | K109: Atlantic salmon | L109: Salmons, trouts, smelts | M109: =IF(F109>=G109,"Captura silvestre","Acuicultura") -> Captura silvestre | N109: =(H109-H108)/H108*100 -> -7.044659 | O109: FAO FishStatJ - Global Production 2025 (dato real, valores oficiales/estimados FAO)
A110: Noruega | B110: Europa | C110: 2012 | D110: 2385178 | E110: 28953 | F110: 2282646.4 | G110: 1321119.2 | H110: =F110+G110 -> 3603765.6 | I110: =H110/D110 -> 1.5109001 | J110: =H110/VLOOKUP(C110,Referencia_Mundial!$A:$B,2,FALSE())*100 -> 2.0237786 | K110: Atlantic salmon | L110: Salmons, trouts, smelts | M110: =IF(F110>=G110,"Captura silvestre","Acuicultura") -> Captura silvestre | N110: =(H110-H109)/H109*100 -> 0.48225138 | O110: FAO FishStatJ - Global Production 2025 (dato real, valores oficiales/estimados FAO)
... A121: Noruega | B121: Europa | C121: 2023 | D121: 2385178 | E121: 28953 | F121: 2543993.2 | G121: 1649984.2 | H121: =F121+G121 -> 4193977.4 | I121: =H121/D121 -> 1.7583499 | J121: =H121/VLOOKUP(C121,Referencia_Mundial!$A:$B,2,FALSE())*100 -> 1.8402434 | K121: Atlantic salmon | L121: Salmons, trouts, smelts | M121: =IF(F121>=G121,"Captura silvestre","Acuicultura") -> Captura silvestre | N121: =(H121-H120)/H120*100 -> -1.9038658 | O121: FAO FishStatJ - Global Production 2025 (dato real, valores oficiales/estimados FAO)
A122: Perú | B122: Sudamérica | C122: 2000 | D122: 906454 | E122: 2414 | F122: 10658577 | G122: 6596 | H122: =F122+G122 -> 10665173 | I122: =H122/D122 -> 11.765818 | J122: =H122/VLOOKUP(C122,Referencia_Mundial!$A:$B,2,FALSE())*100 -> 7.7400502 | K122: Anchoveta(=Peruvian anchovy) | L122: Herrings, sardines, anchovies | M122: =IF(F122>=G122,"Captura silvestre","Acuicultura") -> Captura silvestre | O122: FAO FishStatJ - Global Production 2025 (dato real, valores oficiales/estimados FAO)
A123: Perú | B123: Sudamérica | C123: 2001 | D123: 906454 | E123: 2414 | F123: 7991712 | G123: 7551 | H123: =F123+G123 -> 7999263 | I123: =H123/D123 -> 8.8247865 | J123: =H123/VLOOKUP(C123,Referencia_Mundial!$A:$B,2,FALSE())*100 -> 5.8156928 | K123: Anchoveta(=Peruvian anchovy) | L123: Herrings, sardines, anchovies | M123: =IF(F123>=G123,"Captura silvestre","Acuicultura") -> Captura silvestre | N123: =(H123-H122)/H122*100 -> -24.996407 | O123: FAO FishStatJ - Global Production 2025 (dato real, valores oficiales/estimados FAO)
A124: Perú | B124: Sudamérica | C124: 2002 | D124: 906454 | E124: 2414 | F124: 8771365 | G124: 11532 | H124: =F124+G124 -> 8782897 | I124: =H124/D124 -> 9.6892915 | J124: =H124/VLOOKUP(C124,Referencia_Mundial!$A:$B,2,FALSE())*100 -> 6.2281841 | K124: Anchoveta(=Peruvian anchovy) | L124: Herrings, sardines, anchovies | M124: =IF(F124>=G124,"Captura silvestre","Acuicultura") -> Captura silvestre | N124: =(H124-H123)/H123*100 -> 9.7963275 | O124: FAO FishStatJ - Global Production 2025 (dato real, valores oficiales/estimados FAO)
A125: Perú | B125: Sudamérica | C125: 2003 | D125: 906454 | E125: 2414 | F125: 6093924 | G125: 13621 | H125: =F125+G125 -> 6107545 | I125: =H125/D125 -> 6.7378433 | J125: =H125/VLOOKUP(C125,Referencia_Mundial!$A:$B,2,FALSE())*100 -> 4.3273235 | K125: Anchoveta(=Peruvian anchovy) | L125: Herrings, sardines, anchovies | M125: =IF(F125>=G125,"Captura silvestre","Acuicultura") -> Captura silvestre | N125: =(H125-H124)/H124*100 -> -30.460929 | O125: FAO FishStatJ - Global Production 2025 (dato real, valores oficiales/estimados FAO)
A126: Perú | B126: Sudamérica | C126: 2004 | D126: 906454 | E126: 2414 | F126: 9611945 | G126: 22114 | H126: =F126+G126 -> 9634059 | I126: =H126/D126 -> 10.628293 | J126: =H126/VLOOKUP(C126,Referencia_Mundial!$A:$B,2,FALSE())*100 -> 6.4209152 | K126: Anchoveta(=Peruvian anchovy) | L126: Herrings, sardines, anchovies | M126: =IF(F126>=G126,"Captura silvestre","Acuicultura") -> Captura silvestre | N126: =(H126-H125)/H125*100 -> 57.740287 | O126: FAO FishStatJ - Global Production 2025 (dato real, valores oficiales/estimados FAO)
A127: Perú | B127: Sudamérica | C127: 2005 | D127: 906454 | E127: 2414 | F127: 9393488 | G127: 25981 | H127: =F127+G127 -> 9419469 | I127: =H127/D127 -> 10.391558 | J127: =H127/VLOOKUP(C127,Referencia_Mundial!$A:$B,2,FALSE())*100 -> 6.1593871 | K127: Anchoveta(=Peruvian anchovy) | L127: Herrings, sardines, anchovies | M127: =IF(F127>=G127,"Captura silvestre","Acuicultura") -> Captura silvestre | N127: =(H127-H126)/H126*100 -> -2.2274101 | O127: FAO FishStatJ - Global Production 2025 (dato real, valores oficiales/estimados FAO)
A128: Perú | B128: Sudamérica | C128: 2006 | D128: 906454 | E128: 2414 | F128: 7020925 | G128: 28393 | H128: =F128+G128 -> 7049318 | I128: =H128/D128 -> 7.7768072 | J128: =H128/VLOOKUP(C128,Referencia_Mundial!$A:$B,2,FALSE())*100 -> 4.5694876 | K128: Anchoveta(=Peruvian anchovy) | L128: Herrings, sardines, anchovies | M128: =IF(F128>=G128,"Captura silvestre","Acuicultura") -> Captura silvestre | N128: =(H128-H127)/H127*100 -> -25.162257 | O128: FAO FishStatJ - Global Production 2025 (dato real, valores oficiales/estimados FAO)
A129: Perú | B129: Sudamérica | C129: 2007 | D129: 906454 | E129: 2414 | F129: 7221330 | G129: 39531 | H129: =F129+G129 -> 7260861 | I129: =H129/D129 -> 8.0101814 | J129: =H129/VLOOKUP(C129,Referencia_Mundial!$A:$B,2,FALSE())*100 -> 4.5956439 | K129: Anchoveta(=Peruvian anchovy) | L129: Herrings, sardines, anchovies | M129: =IF(F129>=G129,"Captura silvestre","Acuicultura") -> Captura silvestre | N129: =(H129-H128)/H128*100 -> 3.0009002 | O129: FAO FishStatJ - Global Production 2025 (dato real, valores oficiales/estimados FAO)
A130: Perú | B130: Sudamérica | C130: 2008 | D130: 906454 | E130: 2414 | F130: 7408317 | G130: 43120 | H130: =F130+G130 -> 7451437 | I130: =H130/D130 -> 8.2204249 | J130: =H130/VLOOKUP(C130,Referencia_Mundial!$A:$B,2,FALSE())*100 -> 4.6281464 | K130: Anchoveta(=Peruvian anchovy) | L130: Herrings, sardines, anchovies | M130: =IF(F130>=G130,"Captura silvestre","Acuicultura") -> Captura silvestre | N130: =(H130-H129)/H129*100 -> 2.6247025 | O130: FAO FishStatJ - Global Production 2025 (dato real, valores oficiales/estimados FAO)
A131: Perú | B131: Sudamérica | C131: 2009 | D131: 906454 | E131: 2414 | F131: 6933455 | G131: 44317 | H131: =F131+G131 -> 6977772 | I131: =H131/D131 -> 7.6978777 | J131: =H131/VLOOKUP(C131,Referencia_Mundial!$A:$B,2,FALSE())*100 -> 4.2539377 | K131: Anchoveta(=Peruvian anchovy) | L131: Herrings, sardines, anchovies | M131: =IF(F131>=G131,"Captura silvestre","Acuicultura") -> Captura silvestre | N131: =(H131-H130)/H130*100 -> -6.3566933 | O131: FAO FishStatJ - Global Production 2025 (dato real, valores oficiales/estimados FAO)
A132: Perú | B132: Sudamérica | C132: 2010 | D132: 906454 | E132: 2414 | F132: 4305975 | G132: 89021 | H132: =F132+G132 -> 4394996 | I132: =H132/D132 -> 4.8485593 | J132: =H132/VLOOKUP(C132,Referencia_Mundial!$A:$B,2,FALSE())*100 -> 2.6427521 | K132: Anchoveta(=Peruvian anchovy) | L132: Herrings, sardines, anchovies | M132: =IF(F132>=G132,"Captura silvestre","Acuicultura") -> Captura silvestre | N132: =(H132-H131)/H131*100 -> -37.014336 | O132: FAO FishStatJ - Global Production 2025 (dato real, valores oficiales/estimados FAO)
A133: Perú | B133: Sudamérica | C133: 2011 | D133: 906454 | E133: 2414 | F133: 8254957 | G133: 92200.4 | H133: =F133+G133 -> 8347157.4 | I133: =H133/D133 -> 9.2085836 | J133: =H133/VLOOKUP(C133,Referencia_Mundial!$A:$B,2,FALSE())*100 -> 4.7869742 | K133: Anchoveta(=Peruvian anchovy) | L133: Herrings, sardines, anchovies | M133: =IF(F133>=G133,"Captura silvestre","Acuicultura") -> Captura silvestre | N133: =(H133-H132)/H132*100 -> 89.924118 | O133: FAO FishStatJ - Global Production 2025 (dato real, valores oficiales/estimados FAO)
A134: Perú | B134: Sudamérica | C134: 2012 | D134: 906454 | E134: 2414 | F134: 4852760 | G134: 72292.9 | H134: =F134+G134 -> 4925052.9 | I134: =H134/D134 -> 5.4333181 | J134: =H134/VLOOKUP(C134,Referencia_Mundial!$A:$B,2,FALSE())*100 -> 2.7657782 | K134: Anchoveta(=Peruvian anchovy) | L134: Herrings, sardines, anchovies | M134: =IF(F134>=G134,"Captura silvestre","Acuicultura") -> Captura silvestre | N134: =(H134-H133)/H133*100 -> -40.997244 | O134: FAO FishStatJ - Global Production 2025 (dato real, valores oficiales/estimados FAO)
... A145: Perú | B145: Sudamérica | C145: 2023 | D145: 906454 | E145: 2414 | F145: 3519380.7 | G145: 105082.3 | H145: =F145+G145 -> 3624463 | I145: =H145/D145 -> 3.9985074 | J145: =H145/VLOOKUP(C145,Referencia_Mundial!$A:$B,2,FALSE())*100 -> 1.5903505 | K145: Anchoveta(=Peruvian anchovy) | L145: Herrings, sardines, anchovies | M145: =IF(F145>=G145,"Captura silvestre","Acuicultura") -> Captura silvestre | N145: =(H145-H144)/H144*100 -> -34.208706 | O145: FAO FishStatJ - Global Production 2025 (dato real, valores oficiales/estimados FAO)
A146: Vietnam | B146: Asia | C146: 2000 | D146: 722000 | E146: 3444 | F146: 1629612 | G146: 513517 | H146: =F146+G146 -> 2143129 | I146: =H146/D146 -> 2.9683227 | J146: =H146/VLOOKUP(C146,Referencia_Mundial!$A:$B,2,FALSE())*100 -> 1.5553359 | K146: Marine fishes NEI | L146: Marine fishes not identified | M146: =IF(F146>=G146,"Captura silvestre","Acuicultura") -> Captura silvestre | O146: FAO FishStatJ - Global Production 2025 (dato real, valores oficiales/estimados FAO)
A147: Vietnam | B147: Asia | C147: 2001 | D147: 722000 | E147: 3444 | F147: 1724758 | G147: 603098 | H147: =F147+G147 -> 2327856 | I147: =H147/D147 -> 3.2241773 | J147: =H147/VLOOKUP(C147,Referencia_Mundial!$A:$B,2,FALSE())*100 -> 1.6924178 | K147: Marine fishes NEI | L147: Marine fishes not identified | M147: =IF(F147>=G147,"Captura silvestre","Acuicultura") -> Captura silvestre | N147: =(H147-H146)/H146*100 -> 8.6194998 | O147: FAO FishStatJ - Global Production 2025 (dato real, valores oficiales/estimados FAO)
A148: Vietnam | B148: Asia | C148: 2002 | D148: 722000 | E148: 3444 | F148: 1802598 | G148: 718041 | H148: =F148+G148 -> 2520639 | I148: =H148/D148 -> 3.4911898 | J148: =H148/VLOOKUP(C148,Referencia_Mundial!$A:$B,2,FALSE())*100 -> 1.7874516 | K148: Marine fishes NEI | L148: Marine fishes not identified | M148: =IF(F148>=G148,"Captura silvestre","Acuicultura") -> Captura silvestre | N148: =(H148-H147)/H147*100 -> 8.281569 | O148: FAO FishStatJ - Global Production 2025 (dato real, valores oficiales/estimados FAO)
A149: Vietnam | B149: Asia | C149: 2003 | D149: 722000 | E149: 3444 | F149: 1856005 | G149: 952502 | H149: =F149+G149 -> 2808507 | I149: =H149/D149 -> 3.8898989 | J149: =H149/VLOOKUP(C149,Referencia_Mundial!$A:$B,2,FALSE())*100 -> 1.989886 | K149: Marine fishes NEI | L149: Marine fishes not identified | M149: =IF(F149>=G149,"Captura silvestre","Acuicultura") -> Captura silvestre | N149: =(H149-H148)/H148*100 -> 11.420437 | O149: FAO FishStatJ - Global Production 2025 (dato real, valores oficiales/estimados FAO)
A150: Vietnam | B150: Asia | C150: 2004 | D150: 722000 | E150: 3444 | F150: 1940034 | G150: 1213617 | H150: =F150+G150 -> 3153651 | I150: =H150/D150 -> 4.3679377 | J150: =H150/VLOOKUP(C150,Referencia_Mundial!$A:$B,2,FALSE())*100 -> 2.1018478 | K150: Marine fishes NEI | L150: Marine fishes not identified | M150: =IF(F150>=G150,"Captura silvestre","Acuicultura") -> Captura silvestre | N150: =(H150-H149)/H149*100 -> 12.289234 | O150: FAO FishStatJ - Global Production 2025 (dato real, valores oficiales/estimados FAO)
A151: Vietnam | B151: Asia | C151: 2005 | D151: 722000 | E151: 3444 | F151: 1987900 | G151: 1452300 | H151: =F151+G151 -> 3440200 | I151: =H151/D151 -> 4.7648199 | J151: =H151/VLOOKUP(C151,Referencia_Mundial!$A:$B,2,FALSE())*100 -> 2.2495454 | K151: Marine fishes NEI | L151: Marine fishes not identified | M151: =IF(F151>=G151,"Captura silvestre","Acuicultura") -> Captura silvestre | N151: =(H151-H150)/H150*100 -> 9.0862622 | O151: FAO FishStatJ - Global Production 2025 (dato real, valores oficiales/estimados FAO)
A152: Vietnam | B152: Asia | C152: 2006 | D152: 722000 | E152: 3444 | F152: 2026600 | G152: 1672727 | H152: =F152+G152 -> 3699327 | I152: =H152/D152 -> 5.1237216 | J152: =H152/VLOOKUP(C152,Referencia_Mundial!$A:$B,2,FALSE())*100 -> 2.3979666 | K152: Marine fishes NEI | L152: Marine fishes not identified | M152: =IF(F152>=G152,"Captura silvestre","Acuicultura") -> Captura silvestre | N152: =(H152-H151)/H151*100 -> 7.5323237 | O152: FAO FishStatJ - Global Production 2025 (dato real, valores oficiales/estimados FAO)
A153: Vietnam | B153: Asia | C153: 2007 | D153: 722000 | E153: 3444 | F153: 2074500 | G153: 2100400 | H153: =F153+G153 -> 4174900 | I153: =H153/D153 -> 5.78241 | J153: =H153/VLOOKUP(C153,Referencia_Mundial!$A:$B,2,FALSE())*100 -> 2.6424351 | K153: Marine fishes NEI | L153: Marine fishes not identified | M153: =IF(F153>=G153,"Captura silvestre","Acuicultura") -> Acuicultura | N153: =(H153-H152)/H152*100 -> 12.855663 | O153: FAO FishStatJ - Global Production 2025 (dato real, valores oficiales/estimados FAO)
A154: Vietnam | B154: Asia | C154: 2008 | D154: 722000 | E154: 3444 | F154: 2054700 | G154: 2477450 | H154: =F154+G154 -> 4532150 | I154: =H154/D154 -> 6.2772161 | J154: =H154/VLOOKUP(C154,Referencia_Mundial!$A:$B,2,FALSE())*100 -> 2.8149541 | K154: Marine fishes NEI | L154: Marine fishes not identified | M154: =IF(F154>=G154,"Captura silvestre","Acuicultura") -> Acuicultura | N154: =(H154-H153)/H153*100 -> 8.5570912 | O154: FAO FishStatJ - Global Production 2025 (dato real, valores oficiales/estimados FAO)
A155: Vietnam | B155: Asia | C155: 2009 | D155: 722000 | E155: 3444 | F155: 2178400 | G155: 2571080 | H155: =F155+G155 -> 4749480 | I155: =H155/D155 -> 6.5782271 | J155: =H155/VLOOKUP(C155,Referencia_Mundial!$A:$B,2,FALSE())*100 -> 2.895479 | K155: Marine fishes NEI | L155: Marine fishes not identified | M155: =IF(F155>=G155,"Captura silvestre","Acuicultura") -> Acuicultura | N155: =(H155-H154)/H154*100 -> 4.7952958 | O155: FAO FishStatJ - Global Production 2025 (dato real, valores oficiales/estimados FAO)
A156: Vietnam | B156: Asia | C156: 2010 | D156: 722000 | E156: 3444 | F156: 2249711 | G156: 2701317 | H156: =F156+G156 -> 4951028 | I156: =H156/D156 -> 6.8573795 | J156: =H156/VLOOKUP(C156,Referencia_Mundial!$A:$B,2,FALSE())*100 -> 2.9770994 | K156: Marine fishes NEI | L156: Marine fishes not identified | M156: =IF(F156>=G156,"Captura silvestre","Acuicultura") -> Acuicultura | N156: =(H156-H155)/H155*100 -> 4.2435803 | O156: FAO FishStatJ - Global Production 2025 (dato real, valores oficiales/estimados FAO)
A157: Vietnam | B157: Asia | C157: 2011 | D157: 722000 | E157: 3444 | F157: 2399528 | G157: 2860990 | H157: =F157+G157 -> 5260518 | I157: =H157/D157 -> 7.286036 | J157: =H157/VLOOKUP(C157,Referencia_Mundial!$A:$B,2,FALSE())*100 -> 3.0168311 | K157: Marine fishes NEI | L157: Marine fishes not identified | M157: =IF(F157>=G157,"Captura silvestre","Acuicultura") -> Acuicultura | N157: =(H157-H156)/H156*100 -> 6.251025 | O157: FAO FishStatJ - Global Production 2025 (dato real, valores oficiales/estimados FAO)
A158: Vietnam | B158: Asia | C158: 2012 | D158: 722000 | E158: 3444 | F158: 2523673 | G158: 3104501 | H158: =F158+G158 -> 5628174 | I158: =H158/D158 -> 7.7952548 | J158: =H158/VLOOKUP(C158,Referencia_Mundial!$A:$B,2,FALSE())*100 -> 3.1606323 | K158: Marine fishes NEI | L158: Marine fishes not identified | M158: =IF(F158>=G158,"Captura silvestre","Acuicultura") -> Acuicultura | N158: =(H158-H157)/H157*100 -> 6.9889695 | O158: FAO FishStatJ - Global Production 2025 (dato real, valores oficiales/estimados FAO)
... A169: Vietnam | B169: Asia | C169: 2023 | D169: 722000 | E169: 3444 | F169: 3417238.4 | G169: 5378859.6 | H169: =F169+G169 -> 8796098 | I169: =H169/D169 -> 12.182961 | J169: =H169/VLOOKUP(C169,Referencia_Mundial!$A:$B,2,FALSE())*100 -> 3.8595729 | K169: Marine fishes NEI | L169: Marine fishes not identified | M169: =IF(F169>=G169,"Captura silvestre","Acuicultura") -> Acuicultura | N169: =(H169-H168)/H168*100 -> 2.6347503 | O169: FAO FishStatJ - Global Production 2025 (dato real, valores oficiales/estimados FAO)

Sheet Diccionario_Variables
A1: Variable | B1: Tipo | C1: Origen del dato | D1: Para qué sirve
A2: pais | B2: Categórica | C2: FAO CL_FI_COUNTRY_GROUPS (real) | D2: Identificar y comparar entre países
A3: region | B3: Categórica | C3: FAO CL_FI_COUNTRY_GROUPS (real) | D3: Agrupar comparaciones regionales
A4: anio | B4: Fecha (numérica) | C4: FAO Global_production_quantity (real) | D4: Series de tiempo, 2000-2023
A5: zee_km2 | B5: Numérica | C5: Marine Regions / World Bank (externo, no FAO) | D5: Superficie marítima disponible (ZEE)
A6: linea_costa_km | B6: Numérica | C6: CIA World Factbook (externo, no FAO) | D6: Variable de control geográfico
A7: produccion_captura_ton | B7: Numérica | C7: FAO, fuente=CAPTURE (real) | D7: Producción anual por pesca extractiva
A8: produccion_acuicultura_ton | B8: Numérica | C8: FAO, fuente=FRESHWATER+BRACKISHWATER+MARINE (real) | D8: Producción anual por cultivo
A9: produccion_total_ton | B9: Numérica (calculada) | C9: Captura + Acuicultura (fórmula) | D9: Indicador principal de volumen producido
A10: ratio_produccion_zee_ton_km2 | B10: Numérica (calculada) | C10: Producción real / ZEE externa (fórmula) | D10: Eficiencia de aprovechamiento del mar
A11: participacion_mundial_pct | B11: Numérica (calculada) | C11: Producción real país / producción mundial real (fórmula, FAO) | D11: % sobre la producción mundial total
A12: especie_principal | B12: Categórica | C12: FAO CL_FI_SPECIES_GROUPS, especie con mayor volumen real | D12: Identificar especie dominante por país-año
... A16: fuente_dato | B16: Categórica | C16: Metadato | D16: Trazabilidad: FAO real vs. fuente externa

Sheet Referencia_Mundial
A1: anio | B1: produccion_mundial_ton | C1: fuente
A2: 2000 | B2: 1.3779204e+08 | C2: FAO FishStatJ - Global Production 2025 (suma mundial real, todas las fuentes/países/especies)
A3: 2001 | B3: 1.3754618e+08 | C3: FAO FishStatJ - Global Production 2025 (suma mundial real, todas las fuentes/países/especies)
A4: 2002 | B4: 1.4101858e+08 | C4: FAO FishStatJ - Global Production 2025 (suma mundial real, todas las fuentes/países/especies)
A5: 2003 | B5: 1.4113909e+08 | C5: FAO FishStatJ - Global Production 2025 (suma mundial real, todas las fuentes/países/especies)
A6: 2004 | B6: 1.5004184e+08 | C6: FAO FishStatJ - Global Production 2025 (suma mundial real, todas las fuentes/países/especies)
A7: 2005 | B7: 1.5292867e+08 | C7: FAO FishStatJ - Global Production 2025 (suma mundial real, todas las fuentes/países/especies)
A8: 2006 | B8: 1.5426933e+08 | C8: FAO FishStatJ - Global Production 2025 (suma mundial real, todas las fuentes/países/especies)
A9: 2007 | B9: 1.5799442e+08 | C9: FAO FishStatJ - Global Production 2025 (suma mundial real, todas las fuentes/países/especies)
A10: 2008 | B10: 1.6100262e+08 | C10: FAO FishStatJ - Global Production 2025 (suma mundial real, todas las fuentes/países/especies)
A11: 2009 | B11: 1.6403089e+08 | C11: FAO FishStatJ - Global Production 2025 (suma mundial real, todas las fuentes/países/especies)
A12: 2010 | B12: 1.6630375e+08 | C12: FAO FishStatJ - Global Production 2025 (suma mundial real, todas las fuentes/países/especies)
A13: 2011 | B13: 1.7437231e+08 | C13: FAO FishStatJ - Global Production 2025 (suma mundial real, todas las fuentes/países/especies)
... A25: 2023 | B25: 2.279034e+08 | C25: FAO FishStatJ - Global Production 2025 (suma mundial real, todas las fuentes/países/especies)

Sheet Notas_Metodologicas
A1: NOTAS METODOLÓGICAS
A3: Fuente principal | B3: FAO FishStatJ - Global Production Quantity 2025 (datos reales 1950-2023, descarga oficial)
A4: Países incluidos | B4: Argentina, Chile, Perú, Noruega, Islandia, Vietnam, China
A5: Periodo analizado | B5: 2000-2023 (24 años)
A6: Filtros aplicados | B6: MEASURE = Q_tlw (toneladas, peso vivo); se excluyeron STATUS L/M/O (valores ausentes/no aplicables)
A7: Captura vs Acuicultura | B7: CAPTURE = captura silvestre; FRESHWATER+BRACKISHWATER+MARINE = acuicultura (clasificación oficial FAO)
A8: Producción mundial | B8: Suma real de TODO el dataset FAO (todos los países y especies) por año, no es una estimación
A9: Especie principal | B9: Especie con mayor volumen (ton) reportado ese país-año, según código FAO ASFIS
A11: DATOS NO DISPONIBLES EN ESTE DATASET FAO (requieren fuente externa)
A12: zee_km2 / linea_costa_km | B12: FAO Production no incluye geografía marítima de cada país. Se usaron valores de Marine Regions / World Bank EEZ database como aproximación de orden de magnitud. Para precisión total, reemplazar por fuente oficial nacional o Sea Around Us.
A13: valor_exportado_usd / empleo_sector_personas | B13: No incluidos en esta versión: requieren el dataset FAO de Comercio (Trade) y estadísticas de empleo (ILO/Ministerios), que no fueron provistos en esta carga. Se eliminaron de esta tabla para no mezclar datos reales con estimaciones.
A15: Próximo paso sugerido | B15: Incorporar FAO Global Trade dataset para valor_exportado_usd real, y precisar ZEE con fuente geoespacial oficial.
